{"cameraMode":{"drawMode":0,"name":"Shaded","section":"Shading Mode"},"sceneLighting":true,"audioPlay":false,"sceneViewState":{"m_AlwaysRefresh":false,"showFog":true,"showSkybox":true,"showFlares":true,"showImageEffects":true,"showParticleSystems":true,"showVisualEffectGraphs":true,"m_FxEnabled":true},"in2DMode":false,"pivot":{"x":0.3822733163833618,"y":1.2867213487625123,"z":0.4515867233276367},"rotation":{"x":-0.3552732765674591,"y":-0.02187301032245159,"z":0.008316189981997013,"w":-0.9344714283943176},"size":8.783796310424805,"orthographic":false}