{"cameraMode":{"drawMode":0,"name":"Shaded","section":"Shading Mode"},"sceneLighting":true,"audioPlay":false,"sceneViewState":{"m_AlwaysRefresh":false,"showFog":true,"showSkybox":true,"showFlares":true,"showImageEffects":true,"showParticleSystems":true,"showVisualEffectGraphs":true,"m_FxEnabled":true},"in2DMode":false,"pivot":{"x":-0.2874397039413452,"y":5.417978763580322,"z":-6.208564758300781},"rotation":{"x":0.4085777699947357,"y":0.002738551702350378,"z":-0.0012258047936484218,"w":0.9127164483070374},"size":0.13111995160579682,"orthographic":false}