{"cameraMode":{"drawMode":0,"name":"Shaded","section":"Shading Mode"},"sceneLighting":false,"audioPlay":false,"sceneViewState":{"m_AlwaysRefresh":false,"showFog":true,"showSkybox":false,"showFlares":true,"showImageEffects":true,"showParticleSystems":true,"showVisualEffectGraphs":true,"m_FxEnabled":true},"in2DMode":false,"pivot":{"x":0.3569766581058502,"y":0.014708813279867173,"z":-0.12113072723150253},"rotation":{"x":-0.13606533408164979,"y":0.6984677910804749,"z":-0.13795343041419984,"w":-0.6888962388038635},"size":0.05328671261668205,"orthographic":false}